feather,group,total_cm,wire_cm,notes
P1,primaries,30.7,34.7,
P2,primaries,39.5,43.5,
P3,primaries,41.5,45.5,
P4,primaries,43.0,47.0,
P5,primaries,43.5,47.5,
P6,primaries,42.5,46.5,
P7,primaries,37.0,41.0,
P8,primaries,33.0,37.0,
P9,primaries,31.1,35.1,
P10,primaries,29.0,33.0,
S1,secondaries,24.8,28.8,
S2,secondaries,29.3,33.3,
S3,secondaries,27.8,31.8,
S4,secondaries,27.0,31.0,
S5,secondaries,26.2,30.2,
S6,secondaries,25.0,29.0,
S7,secondaries,23.2,27.2,
S8,secondaries,22.0,26.0,
S9,secondaries,18.6,22.6,
S10,secondaries,15.0,19.0,
A1,A,15.6,19.6,
A2,A,14.8,18.8,
A3,A,12.6,16.6,
A4,A,9.2,13.2,
PC1,PC,10.2,14.2,
PC2,PC,15.5,19.5,
PC3,PC,17.6,21.6,
PC4,PC,17.1,21.1,
PC5,PC,15.7,19.7,
PC6,PC,13.4,17.4,
SC1,SC,12.5,16.5,
SC2,SC,16.3,20.3,
SC3,SC,17.3,21.3,
SC4,SC,15.5,19.5,
SC5,SC,15.7,19.7,
SC6,SC,16.0,20.0,
SC7,SC,17.0,21.0,
SC8,SC,17.7,21.7,
SC9,SC,13.2,17.2,
SC10,SC,16.1,20.1,
MC1,MC,11.0,15.0,
MC2,MC,11.7,15.7,
MC3,MC,11.7,15.7,
MC4,MC,11.7,15.7,
MC5,MC,9.8,13.8,
L1,L,6.5,10.5,
L2,L,7.0,11.0,
L3,L,8.4,12.4,
L4,L,8.7,12.7,
L5,L,9.0,13.0,
L6,L,7.7,11.7,
U1,U,8.7,12.7,
U2,U,9.2,13.2,
U3,U,11.5,15.5,
U4,U,14.0,18.0,
U5,U,15.0,19.0,
U6,U,20.6,24.6,
U7,U,11.5,15.5,
U8,U,20.6,24.6,
U9,U,15.6,19.6,
U10,U,11.5,15.5,
