image,index,label,length_cm,x_cm
B5.jpg,1,B5,12.80,6.7
P1-6_B1-5.jpg,1,P2,43.42,20.7
P1-6_B1-5.jpg,2,P3,42.20,33.5
P1-6_B1-5.jpg,3,P4,41.33,45.9
P1-6_B1-5.jpg,4,P1,39.38,8.8
P1-6_B1-5.jpg,5,P5,34.48,58.0
P1-6_B1-5.jpg,6,P6,30.23,70.4
P1-6_B1-5.jpg,7,B1,25.33,17.7
P1-6_B1-5.jpg,8,B2,24.26,46.1
P1-6_B1-5.jpg,9,B3,21.32,71.9
P1-6_B1-5.jpg,10,B4,17.97,71.8
S1-6.jpg,1,S1,31.43,12.2
S1-6.jpg,2,S2,27.99,21.2
S1-6.jpg,3,S3,28.38,30.9
S1-6.jpg,4,S4,24.59,41.2
S1-6.jpg,5,S5,22.49,53.4
S1-6.jpg,6,S6,19.66,65.7
SC1-8_A1-4_PC1-3_MC1-5_LC1-5.jpg,1,PC1,18.99,41.5
SC1-8_A1-4_PC1-3_MC1-5_LC1-5.jpg,2,SC3,17.49,21.7
SC1-8_A1-4_PC1-3_MC1-5_LC1-5.jpg,3,SC6,17.76,44.2
SC1-8_A1-4_PC1-3_MC1-5_LC1-5.jpg,4,SC5,17.64,36.8
SC1-8_A1-4_PC1-3_MC1-5_LC1-5.jpg,5,SC4,16.21,29.0
SC1-8_A1-4_PC1-3_MC1-5_LC1-5.jpg,6,SC8,16.26,60.4
SC1-8_A1-4_PC1-3_MC1-5_LC1-5.jpg,7,PC2,16.53,49.1
SC1-8_A1-4_PC1-3_MC1-5_LC1-5.jpg,8,SC2,16.24,14.2
SC1-8_A1-4_PC1-3_MC1-5_LC1-5.jpg,9,A2,16.05,16.5
SC1-8_A1-4_PC1-3_MC1-5_LC1-5.jpg,10,A1,16.23,8.7
SC1-8_A1-4_PC1-3_MC1-5_LC1-5.jpg,11,SC7,14.47,53.0
SC1-8_A1-4_PC1-3_MC1-5_LC1-5.jpg,12,PC3,15.08,56.6
SC1-8_A1-4_PC1-3_MC1-5_LC1-5.jpg,13,A3,13.05,23.8
SC1-8_A1-4_PC1-3_MC1-5_LC1-5.jpg,14,SC1,12.61,6.5
SC1-8_A1-4_PC1-3_MC1-5_LC1-5.jpg,15,MC2,11.88,72.2
SC1-8_A1-4_PC1-3_MC1-5_LC1-5.jpg,16,MC4,12.20,84.0
SC1-8_A1-4_PC1-3_MC1-5_LC1-5.jpg,17,MC3,12.50,78.3
SC1-8_A1-4_PC1-3_MC1-5_LC1-5.jpg,18,A4,10.45,30.3
SC1-8_A1-4_PC1-3_MC1-5_LC1-5.jpg,19,MC5,10.53,90.1
SC1-8_A1-4_PC1-3_MC1-5_LC1-5.jpg,20,MC1,10.92,66.8
SC1-8_A1-4_PC1-3_MC1-5_LC1-5.jpg,21,LC4,9.42,82.3
SC1-8_A1-4_PC1-3_MC1-5_LC1-5.jpg,22,LC5,8.43,87.5
SC1-8_A1-4_PC1-3_MC1-5_LC1-5.jpg,23,LC3,9.74,77.0
SC1-8_A1-4_PC1-3_MC1-5_LC1-5.jpg,24,LC2,9.23,71.9
SC1-8_A1-4_PC1-3_MC1-5_LC1-5.jpg,25,LC1,7.87,66.9
