image,label,index,length_cm,width_cm,area_cm2,aspect,angle_deg,x_cm,y_cm,vertices
B5.jpg,B5,1,12.80,3.64,36.60,3.51,91.5,6.67,9.59,29
P1-6_B1-5.jpg,P2,1,43.42,9.48,290.52,4.58,84.6,20.70,39.82,20
P1-6_B1-5.jpg,P3,2,42.20,8.78,276.18,4.81,-86.1,33.45,40.13,19
P1-6_B1-5.jpg,P4,3,41.33,9.00,269.11,4.59,-88.0,45.93,41.61,24
P1-6_B1-5.jpg,P1,4,39.38,9.45,264.16,4.17,82.4,8.84,42.36,19
P1-6_B1-5.jpg,P5,5,34.48,8.19,208.32,4.21,-82.5,58.01,43.03,28
P1-6_B1-5.jpg,P6,6,30.23,9.25,200.92,3.27,-84.5,70.44,44.34,25
P1-6_B1-5.jpg,B1,7,25.33,7.86,151.93,3.22,-177.9,17.67,8.70,38
P1-6_B1-5.jpg,B2,8,24.26,7.27,136.78,3.34,179.0,46.13,7.90,23
P1-6_B1-5.jpg,B3,9,21.32,6.34,104.77,3.36,-6.5,71.90,7.70,24
P1-6_B1-5.jpg,B4,10,17.97,5.40,73.69,3.33,175.5,71.82,16.53,23
S1-6.jpg,S1,1,31.43,8.43,207.28,3.73,92.6,12.16,41.64,22
S1-6.jpg,S2,2,27.99,8.40,179.93,3.33,-90.3,21.24,43.24,26
S1-6.jpg,S3,3,28.38,8.69,174.60,3.27,87.1,30.93,42.88,37
S1-6.jpg,S4,4,24.59,8.23,150.05,2.99,90.5,41.19,44.56,25
S1-6.jpg,S5,5,22.49,7.53,126.83,2.99,93.4,53.38,45.62,25
S1-6.jpg,S6,6,19.66,6.95,99.71,2.83,98.1,65.68,47.46,29
SC1-8_A1-4_PC1-3_MC1-5_LC1-5.jpg,PC1,1,18.99,5.35,78.81,3.55,97.2,41.45,20.05,32
SC1-8_A1-4_PC1-3_MC1-5_LC1-5.jpg,SC3,2,17.49,5.75,76.76,3.04,84.8,21.72,43.69,31
SC1-8_A1-4_PC1-3_MC1-5_LC1-5.jpg,SC6,3,17.76,5.51,76.09,3.23,-97.5,44.16,43.06,26
SC1-8_A1-4_PC1-3_MC1-5_LC1-5.jpg,SC5,4,17.64,5.29,70.86,3.33,89.4,36.85,43.50,24
SC1-8_A1-4_PC1-3_MC1-5_LC1-5.jpg,SC4,5,16.21,5.61,67.36,2.89,-96.5,29.01,44.22,26
SC1-8_A1-4_PC1-3_MC1-5_LC1-5.jpg,SC8,6,16.26,5.30,66.51,3.06,-95.2,60.37,44.16,27
SC1-8_A1-4_PC1-3_MC1-5_LC1-5.jpg,PC2,7,16.53,4.95,66.03,3.34,-98.5,49.15,20.89,26
SC1-8_A1-4_PC1-3_MC1-5_LC1-5.jpg,SC2,8,16.24,5.05,62.89,3.22,84.6,14.25,44.22,28
SC1-8_A1-4_PC1-3_MC1-5_LC1-5.jpg,A2,9,16.05,4.99,62.72,3.22,-94.5,16.53,21.46,22
SC1-8_A1-4_PC1-3_MC1-5_LC1-5.jpg,A1,10,16.23,4.48,58.60,3.63,84.9,8.73,21.39,21
SC1-8_A1-4_PC1-3_MC1-5_LC1-5.jpg,SC7,11,14.47,5.53,57.07,2.62,85.0,53.04,44.60,34
SC1-8_A1-4_PC1-3_MC1-5_LC1-5.jpg,PC3,12,15.08,4.67,53.28,3.23,92.0,56.59,21.99,27
SC1-8_A1-4_PC1-3_MC1-5_LC1-5.jpg,A3,13,13.05,4.88,51.78,2.67,-86.8,23.83,22.84,35
SC1-8_A1-4_PC1-3_MC1-5_LC1-5.jpg,SC1,14,12.61,4.76,45.73,2.65,-84.7,6.50,45.90,33
SC1-8_A1-4_PC1-3_MC1-5_LC1-5.jpg,MC2,15,11.88,4.52,42.89,2.63,-90.5,72.18,30.71,30
SC1-8_A1-4_PC1-3_MC1-5_LC1-5.jpg,MC4,16,12.20,4.58,42.81,2.67,-102.2,84.02,31.32,30
SC1-8_A1-4_PC1-3_MC1-5_LC1-5.jpg,MC3,17,12.50,4.24,39.55,2.95,90.0,78.35,30.60,35
SC1-8_A1-4_PC1-3_MC1-5_LC1-5.jpg,A4,18,10.45,4.61,35.52,2.27,94.4,30.34,24.08,44
SC1-8_A1-4_PC1-3_MC1-5_LC1-5.jpg,MC5,19,10.53,4.29,34.48,2.46,-94.1,90.12,31.66,32
SC1-8_A1-4_PC1-3_MC1-5_LC1-5.jpg,MC1,20,10.92,4.04,34.19,2.70,-93.5,66.77,31.78,35
SC1-8_A1-4_PC1-3_MC1-5_LC1-5.jpg,LC4,21,9.42,3.57,24.69,2.64,86.0,82.30,9.49,47
SC1-8_A1-4_PC1-3_MC1-5_LC1-5.jpg,LC5,22,8.43,3.73,22.60,2.26,86.4,87.50,10.06,47
SC1-8_A1-4_PC1-3_MC1-5_LC1-5.jpg,LC3,23,9.74,2.90,22.04,3.36,-93.2,76.97,9.46,42
SC1-8_A1-4_PC1-3_MC1-5_LC1-5.jpg,LC2,24,9.23,3.16,21.70,2.92,-98.2,71.85,9.26,49
SC1-8_A1-4_PC1-3_MC1-5_LC1-5.jpg,LC1,25,7.87,3.06,18.43,2.57,-104.2,66.88,10.52,31
