Individual;Feathertype;Federnr;Growthlengthperday;Featherlength;Growthduration;Feathermass;Calamuswidth;Calamusheight;Calamuscircumference;Growthmassperday;Calamussurface
GR18;Secondary;E;0.700;32.400;46.300;1.983;6.900;5.200;19.100545;42.83;28.18
GR18;Secondary;B;0.820;35.300;43.200;2.272;6.200;6.100;19.321114;52.59;29.70
GR18;Secondary;F;0.780;31.000;39.600;1.793;5.200;5.500;16.810824;45.28;22.46
GR18;Secondary;H;0.730;29.600;40.800;1.491;4.700;5.100;15.400216;36.54;18.83
BERN;Secondary;1;0.820;38.700;47.400;2.511;6.300;7.800;22.210937;52.97;38.59
BERN;Secondary;2;0.800;38.100;47.600;2.590;6.300;6.600;20.266012;54.41;32.66
BERN;Secondary;4;0.750;36.900;49.400;2.362;6.000;6.300;19.323668;47.81;29.69
BERN;Secondary;5;0.740;35.200;47.300;2.129;5.800;6.200;18.854792;45.01;28.24
BERN;Secondary;6;0.750;34.500;46.000;2.036;5.700;6.200;18.700727;44.26;27.76
BERN;Secondary;7;0.760;33.000;43.200;1.909;5.500;5.700;17.594321;44.19;24.62
BERN;Secondary;9;0.610;31.600;51.700;1.680;5.050;5.400;16.419425;32.50;21.42
BERN;Secondary;10;0.670;29.800;44.700;1.623;5.100;5.200;16.179583;36.31;20.83
BERN;Secondary;12;0.640;28.600;44.500;1.501;4.850;5.200;15.791290;33.73;19.81
GR33;Secondary;7;0.700;30.800;44.000;1.594;5.200;5.500;16.810824;36.23;22.46
GR33;Secondary;10;0.690;29.000;42.100;1.347;4.900;5.150;15.788945;32.00;19.82
GR36;Secondary;12;0.700;29.200;41.700;1.477;5.200;5.500;16.810824;35.42;22.46
GR36;Secondary;14;0.610;28.200;46.000;1.234;4.500;4.900;14.772170;26.83;17.32
GR36;Secondary;9;0.670;30.200;45.300;1.560;5.400;5.700;17.439023;34.44;24.17
GR36;Secondary;3;0.860;38.700;45.200;2.601;6.600;7.100;21.527076;57.54;36.80
TI2;Secondary;7;0.670;28.100;42.200;1.362;4.900;4.950;15.472443;32.27;19.05
TI2;Secondary;8;0.630;28.000;44.200;1.199;4.700;5.000;15.240368;27.13;18.46
GR31;Primary;9;0.680;42.100;61.900;2.986;5.900;6.300;19.168865;48.24;29.19
BERN;Primary;8;0.790;52.400;66.700;5.050;7.350;8.100;24.283102;75.71;46.76
BERN;Primary;5;0.900;54.500;60.600;5.142;7.200;8.300;24.378008;84.85;46.94
BERN;Primary;3;0.750;44.900;59.900;3.338;6.600;7.500;22.170793;55.73;38.88
BERN;Primary;1;0.880;40.600;46.300;2.696;6.250;7.000;20.829726;58.23;34.36
GR36;Primary;10;0.700;36.100;51.600;2.592;6.250;6.900;20.668590;50.23;33.87
GR36;Primary;8;0.860;54.000;63.000;4.793;7.000;8.900;25.064901;76.08;48.93
GR36;Primary;6;0.900;57.100;63.400;5.432;7.300;9.300;26.169931;85.68;53.32
TI2;Primary;8;0.800;48.800;61.000;3.925;6.800;7.200;21.995636;64.34;38.45
TI2;Primary;7;0.730;49.600;67.900;3.995;6.800;7.600;22.636923;58.84;40.59
GR31;Secondary;12;0.680;27.500;40.700;1.151;4.450;4.600;14.216683;28.28;16.08
GR31;Secondary;11;0.670;28.400;42.300;1.245;4.600;4.600;14.451326;29.43;16.62
GR31;Secondary;9;0.730;29.200;40.300;1.269;4.700;4.800;14.922978;31.49;17.72
GR31;Secondary;8;0.730;29.700;40.500;1.363;4.900;5.150;15.788945;33.65;19.82
GR36;Secondary;13;0.660;27.700;42.000;1.308;4.800;5.100;15.554454;31.14;19.23
GR36;Secondary;10;0.720;30.000;41.700;1.583;5.100;5.600;16.816697;37.96;22.43
GR36;Secondary;7;0.720;32.900;45.700;1.885;5.700;6.200;18.700727;41.25;27.76
GR33;Secondary;12;0.700;27.100;38.700;1.238;4.600;4.900;14.926285;31.99;17.70
GR33;Secondary;13;0.570;26.700;46.800;1.161;4.450;4.600;14.216683;24.81;16.08
GR33;Secondary;9;0.650;29.300;45.100;1.431;4.900;5.300;16.028283;31.73;20.40
GR33;Primary;10;0.570;33.300;58.500;2.260;5.900;6.100;18.850865;38.63;28.27
GR33;Primary;5;0.850;51.500;60.600;4.537;7.200;8.000;23.892641;74.87;45.24
GR33;Primary;6;0.840;53.400;63.400;4.851;6.600;8.400;23.646844;76.51;43.54
GR33;Primary;9;0.750;46.200;61.600;3.584;6.700;6.700;21.048670;58.18;35.26
